ALAMANCE,*
ALEXANDER,*
ALLEGHANY,*
ANSON,*
ASHE,*
AVERY,*
BEAUFORT,*
BERTIE,*
BLADEN,*
BRUNSWICK,*
BUNCOMBE,*
BURKE,*
CABARRUS,*
CALDWELL,*
CAMDEN,*
CARTERET,*
CASWELL,*
CATAWBA,*
CHATHAM,*
CHEROKEE,*
CHOWAN,*
CLAY,*
CLEVELAND,*
COLUMBUS,*
CRAVEN,*
CUMBERLAND,*
CURRITUCK,*
DARE,*
DAVIDSON,*
DAVIE,*
DUPLIN,*
DURHAM,*
EDGECOMBE,*
FORSYTH,*
FRANKLIN,*
GASTON,*
GATES,*
GRAHAM,*
GRANVILLE,*
GREENE,*
GUILFORD,*
HALIFAX,*
HARNETT,*
HAYWOOD,*
HENDERSON,*
HERTFORD,*
HOKE,*
HYDE,*
IREDELL,*
JACKSON,*
JOHNSTON,*
JONES,*
LEE,*
LENOIR,*
LINCOLN,*
MACON,*
MADISON,*
MARTIN,*
MCDOWELL,*
MECKLENBURG,*
MITCHELL,*
MONTGOMERY,*
MOORE,*
NASH,*
NEW HANOVER,*
NORTHAMPTON,*
ONSLOW,*
ORANGE,*
PAMLICO,*
PASQUOTANK,*
PENDER,*
PERQUIMANS,*
PERSON,*
PITT,*
POLK,*
RANDOLPH,*
RICHMOND,*
ROBESON,*
ROCKINGHAM,*
ROWAN,*
RUTHERFORD,*
SAMPSON,*
SCOTLAND,*
STANLY,*
STOKES,*
SURRY,*
SWAIN,*
TRANSYLVANIA,*
TYRRELL,*
UNION,*
VANCE,*
WAKE,*
WARREN,*
WASHINGTON,*
WATAUGA,*
WAYNE,*
WILKES,*
WILSON,*
YADKIN,*
YANCEY,*
